INSERT INTO del2.clienti (email, nome, cognome, telefono, data_reg) VALUES ('enrica.lombardo@libero.it', 'Miriam', 'Martini', '+39 047 428 245', '2020-05-03'),
                                                                           ('ferrara.armando@yahoo.com', 'Eustachio', 'Amato', '+25 17 5430398', '2020-07-19'),
                                                                           ('gallo.marina@yahoo.com', 'Fiorenzo', 'Rinaldi', '+39 074 663 651', '2020-10-12'),
                                                                           ('gianantonio.sorrentino@libero.it', 'Vitalba', 'Mazza', '+44 774 46 91 6394', '2020-01-03'),
                                                                           ('gioacchino73@yahoo.it', 'Domingo', 'Marino', '+10 899 90347203', '2020-01-30'),
                                                                           ('ivonne27@yahoo.com', 'Orfeo', 'Morelli', '+17 85 6048291', '2020-05-07'),
                                                                           ('jdangelo@libero.it', 'Lorenzo', 'Martini', '010 364 3374', '2020-02-14'),
                                                                           ('kristel92@hotmail.com', 'Genziana', 'Sartori', '+74 91 04023868', '2020-09-25'),
                                                                           ('lino47@hotmail.com', 'Damiana', 'Sorrentino', '+03 00 59846271', '2020-03-02'),
                                                                           ('mariani.gianmarco@yahoo.it', 'Gioacchino', 'Damico', '339 827 156', '2020-04-13'),
                                                                           ('marzio.carbone@yahoo.it', 'Gelsomina', 'Bernardi', '+18 73 07029353', '2020-02-28'),
                                                                           ('michele.ferrari@libero.it', 'Lucia', 'Mariani', '+94 647 3430838', '2020-05-12'),
                                                                           ('montanari.vera@yahoo.com', 'Noemi', 'Marchetti', '+88 23 3333379', '2020-06-27'),
                                                                           ('muzio.orlando@yahoo.it', 'Grazia', 'Marini', '+11 633 7117175', '2020-01-13'),
                                                                           ('olimpia.caruso@libero.it', 'Kayla', 'Milani', '+38 760 0242787', '2020-11-20'),
                                                                           ('radio12@gmail.com', 'Artemide', 'Bruno', '+79 691 97 14 1230', '2020-01-16'),
                                                                           ('romolo.rizzo@yahoo.it', 'Marina', 'De Angelis', '+27 7662 46213318', '2020-05-25'),
                                                                           ('rosaria.battaglia@libero.it', 'Fatima', 'Damico', '+52 951 07 09 3795', '2020-09-27'),
                                                                           ('violante60@libero.it', 'Maggiore', 'Testa', '+39 080 743 924', '2020-03-10'),
                                                                           ('zaccaria.ferrara@yahoo.it', 'Furio', 'De rosa', '343 140 054', '2020-09-01');

INSERT INTO indirizzi (via, civico, cap, citta, provincia, cliente_email) VALUES ('Piazza Gavino', '292', '93838', 'Borgo Tolomeo umbro', 'GR', 'enrica.lombardo@libero.it'),
                                                                                 ('Rotonda Mazza', '07', '40859', 'Clodovea sardo', 'EN', 'enrica.lombardo@libero.it'),
                                                                                 ('Strada Milani', '680', '24778', 'Cosetta salentino', 'RI', 'enrica.lombardo@libero.it'),
                                                                                 ('Rotonda Marini', '5', '77595', 'Valentini lido', 'BO', 'ferrara.armando@yahoo.com'),
                                                                                 ('Via Caputo', '21', '25058', 'Quarto Ingrid', 'MB', 'ferrara.armando@yahoo.com'),
                                                                                 ('Via Maria', '82', '89591', 'Settimo Laura calabro', 'PZ', 'gallo.marina@yahoo.com'),
                                                                                 ('Contrada Greco', '5', '82745', 'Lucia del friuli', 'AT', 'gianantonio.sorrentino@libero.it'),
                                                                                 ('Contrada Villa', '45', '80587', 'Lombardi a mare', 'CA', 'gianantonio.sorrentino@libero.it'),
                                                                                 ('Incrocio Costantini', '7', '67693', 'Lia del friuli', 'TS', 'gianantonio.sorrentino@libero.it'),
                                                                                 ('Contrada Bruno', '9', '36016', 'Martinelli nell''emilia', 'BR', 'gioacchino73@yahoo.it'),
                                                                                 ('Contrada Piersilvio', '50', '27170', 'Mancini calabro', 'AT', 'gioacchino73@yahoo.it'),
                                                                                 ('Contrada Silvestri', '135', '25223', 'Barone nell''emilia', 'PU', 'gioacchino73@yahoo.it'),
                                                                                 ('Piazza Ferri', '524', '02186', 'Vitalba lido', 'MT', 'ivonne27@yahoo.com'),
                                                                                 ('Strada Michael', '2', '72932', 'San Gavino nell''emilia', 'IS', 'jdangelo@libero.it'),
                                                                                 ('Via Irene', '6', '94847', 'Lombardo sardo', 'AN', 'jdangelo@libero.it'),
                                                                                 ('Rotonda Parisi', '78', '36995', 'Bernardo sardo', 'NO', 'kristel92@hotmail.com'),
                                                                                 ('Rotonda Doriana', '7', '39668', 'Sesto Gaetano laziale', 'TA', 'lino47@hotmail.com'),
                                                                                 ('Borgo Zaccaria', '06', '45236', 'Sesto Guido', 'ME', 'mariani.gianmarco@yahoo.it'),
                                                                                 ('Strada Cecco', '192', '54750', 'De rosa terme', 'LE', 'marzio.carbone@yahoo.it'),
                                                                                 ('Strada Kristel', '4', '53178', 'Borgo Maristella sardo', 'VV', 'marzio.carbone@yahoo.it'),
                                                                                 ('Borgo Romano', '7', '21818', 'Borgo Marina', 'BR', 'michele.ferrari@libero.it'),
                                                                                 ('Via Erminia', '80', '91375', 'Quarto Thea', 'CE', 'michele.ferrari@libero.it'),
                                                                                 ('Via Rossi', '176', '52152', 'Coppola veneto', 'RE', 'montanari.vera@yahoo.com'),
                                                                                 ('Contrada Romano', '62', '77938', 'Esposito veneto', 'RI', 'muzio.orlando@yahoo.it'),
                                                                                 ('Rotonda Raniero', '762', '09839', 'San Kristel laziale', 'MC', 'muzio.orlando@yahoo.it'),
                                                                                 ('Via Joannes', '9', '25330', 'Tolomeo a mare', 'CO', 'muzio.orlando@yahoo.it'),
                                                                                 ('Contrada Modesto', '317', '21139', 'Aaron salentino', 'TE', 'olimpia.caruso@libero.it'),
                                                                                 ('Via Marchetti', '07', '65507', 'Borgo Carmela del friuli', 'AO', 'olimpia.caruso@libero.it'),
                                                                                 ('Piazza Martinelli', '856', '10867', 'Ivonne lido', 'TE', 'radio12@gmail.com'),
                                                                                 ('Via Jole', '98', '67333', 'Baldassarre a mare', 'IM', 'radio12@gmail.com'),
                                                                                 ('Contrada Pagano', '4', '76803', 'Settimo Isabel veneto', 'CA', 'romolo.rizzo@yahoo.it'),
                                                                                 ('Piazza Gentile', '9', '23853', 'Bellini terme', 'LO', 'romolo.rizzo@yahoo.it'),
                                                                                 ('Incrocio Samira', '763', '15732', 'Dindo lido', 'AO', 'rosaria.battaglia@libero.it'),
                                                                                 ('Rotonda Mariapia', '6', '31855', 'Gianriccardo del friuli', 'BG', 'violante60@libero.it'),
                                                                                 ('Via Mauro', '6', '56863', 'Quarto Cleopatra laziale', 'IS', 'violante60@libero.it'),
                                                                                 ('Strada Furio', '55', '95313', 'Riva sardo', 'TR', 'zaccaria.ferrara@yahoo.it'),
                                                                                 ('Via Maristella', '4', '41153', 'Tolomeo nell''emilia', 'BZ', 'zaccaria.ferrara@yahoo.it');

INSERT INTO ristoranti (id, piva, denominazione, ragione_sociale, tipologia, ordini_coda, coda_max, telefono, email, via, civico, cap, citta, provincia) VALUES (1, 'IT99595890528', 'Braceria La Bella Napoli', 'Martini, Pagano e Guerra e figli', 'Braceria', 0, 20, '+95 18 0081381', 'caruso.anastasio@yahoo.com', 'Rotonda Coppola', '872', '81776', 'Quarto Rosita', 'PI'),
                                                                                                                                                                (2, 'IT64113320614', 'Ristorante Giapponese Da Patrizio', 'Marchetti-De luca SPA', 'Fast Food', 0, 25, '+92 89 4555801', 'marzio45@libero.it', 'Rotonda Martini', '4', '33704', 'Coppola a mare', 'PA'),
                                                                                                                                                                (3, 'IT90948351151', 'Braceria Da ', 'Leone SPA', 'Agriturismo', 0, 24, '+89 73 34751939', 'trevis18@gmail.com', 'Incrocio Marzio', '67', '86073', 'San Antonino', 'AV'),
                                                                                                                                                                (4, 'IT02584160572', 'Paninoteca La Poltiglia', 'Rossetti-Santoro SPA', 'Cinese', 0, 21, '+39 390 298 729', 'vnegri@hotmail.com', 'Borgo Ninfa', '9', '41467', 'Amos sardo', 'IM'),
                                                                                                                                                                (5, 'IT47264720716', 'Pizzeria Da Sorbillo', 'Mancini-Caruso e figli', 'Agriturismo', 0, 27, '092 174 1468', 'joseph.martino@hotmail.com', 'Incrocio Mancini', '5', '62547', 'Settimo Genziana', 'MS'),
                                                                                                                                                                (6, 'IT14690450771', 'Ristorante Grego La Coccarda', 'Cattaneo Group', 'Cinese', 0, 28, '+86 971 8595350', 'rudy.milani@libero.it', 'Piazza De Angelis', '291', '51590', 'Sesto Damiano laziale', 'SV'),
                                                                                                                                                                (7, 'IT47088350278', 'Pub La Via', 'Neri, Montanari e Conte SPA', 'Ristorante Grego', 0, 29, '+91 11 98409889', 'aferrari@hotmail.com', 'Piazza Romano', '7', '59395', 'D''angelo del friuli', 'AV'),
                                                                                                                                                                (8, 'IT72921810080', 'Braceria La Divina', 'Sanna-Rinaldi Group', 'Pizzeria', 0, 20, '+76 4243 74778640', 'sueellen74@gmail.com', 'Piazza Longo', '896', '97804', 'Cesidia umbro', 'TR'),
                                                                                                                                                                (9, 'IT64917780310', 'Braceria Da Patrizio', 'Ferraro-Ferraro Group', 'Braceria', 0, 22, '+86 0532 89908190', 'antonio.deangelis@email.it', 'Piazza Ferrari', '4', '48245', 'Quarto Ausonio', 'SP'),
                                                                                                                                                                (10, 'IT25697510367', 'Cinese La Coralla', 'Bianchi, Pellegrini e Grassi s.r.l.', 'Ristorante Giapponese', 0, 24, '+21 411 8264724', 'fgallo@yahoo.it', 'Incrocio Ferrara', '1', '71537', 'San Bettino', 'CS');

INSERT INTO orari_apertura (giorno, ora, ristorante_id) VALUES (1, '09:00-13:00', 1),
                                                               (1, '17:00-24:00', 1),
                                                               (2, '09:00-15:00', 1),
                                                               (2, '17:00-24:00', 1),
                                                               (3, '09:00-13:00', 1),
                                                               (3, '17:00-23:00', 1),
                                                               (4, '08:00-13:00', 1),
                                                               (5, '09:00-12:00', 1),
                                                               (5, '18:00-24:00', 1),
                                                               (6, '08:00-12:00', 1),
                                                               (6, '18:00-23:00', 1),
                                                               (7, '08:00-15:00', 1),
                                                               (7, '18:00-23:00', 1),
                                                               (2, '07:00-12:00', 2),
                                                               (2, '18:00-23:00', 2),
                                                               (3, '07:00-15:00', 2),
                                                               (3, '18:00-24:00', 2),
                                                               (4, '08:00-12:00', 2),
                                                               (4, '18:00-23:00', 2),
                                                               (5, '08:00-15:00', 2),
                                                               (5, '18:00-23:00', 2),
                                                               (6, '08:00-12:00', 2),
                                                               (6, '18:00-23:00', 2),
                                                               (7, '08:00-13:00', 2),
                                                               (7, '18:00-24:00', 2),
                                                               (2, '06:00-12:00', 3),
                                                               (2, '18:00-24:00', 3),
                                                               (3, '06:00-15:00', 3),
                                                               (3, '18:00-23:00', 3),
                                                               (4, '07:00-14:00', 3),
                                                               (4, '17:00-24:00', 3),
                                                               (5, '08:00-12:00', 3),
                                                               (5, '18:00-23:00', 3),
                                                               (6, '06:00-15:00', 3),
                                                               (6, '18:00-24:00', 3),
                                                               (7, '07:00-12:00', 3),
                                                               (7, '17:00-24:00', 3),
                                                               (1, '07:00-14:00', 4),
                                                               (1, '16:00-23:00', 4),
                                                               (2, '08:00-13:00', 4),
                                                               (2, '17:00-24:00', 4),
                                                               (3, '09:00-13:00', 4),
                                                               (3, '17:00-23:00', 4),
                                                               (4, '06:00-14:00', 4),
                                                               (4, '16:00-24:00', 4),
                                                               (5, '09:00-13:00', 4),
                                                               (5, '16:00-24:00', 4),
                                                               (6, '07:00-15:00', 4),
                                                               (6, '18:00-23:00', 4),
                                                               (7, '08:00-15:00', 4),
                                                               (7, '16:00-23:00', 4),
                                                               (1, '06:00-13:00', 5),
                                                               (1, '18:00-23:00', 5),
                                                               (2, '07:00-14:00', 5),
                                                               (2, '18:00-23:00', 5),
                                                               (3, '09:00-12:00', 5),
                                                               (3, '17:00-23:00', 5),
                                                               (4, '08:00-14:00', 5),
                                                               (4, '16:00-23:00', 5),
                                                               (5, '06:00-13:00', 5),
                                                               (5, '17:00-23:00', 5),
                                                               (6, '06:00-15:00', 5),
                                                               (6, '17:00-23:00', 5),
                                                               (7, '07:00-14:00', 5),
                                                               (7, '17:00-23:00', 5),
                                                               (1, '08:00-14:00', 6),
                                                               (1, '18:00-23:00', 6),
                                                               (2, '06:00-12:00', 6),
                                                               (2, '17:00-23:00', 6),
                                                               (3, '09:00-15:00', 6),
                                                               (3, '17:00-23:00', 6),
                                                               (4, '06:00-12:00', 6),
                                                               (4, '17:00-24:00', 6),
                                                               (5, '06:00-15:00', 6),
                                                               (5, '16:00-23:00', 6),
                                                               (6, '09:00-15:00', 6),
                                                               (6, '17:00-23:00', 6),
                                                               (7, '09:00-15:00', 6),
                                                               (7, '17:00-24:00', 6),
                                                               (2, '09:00-15:00', 7),
                                                               (2, '18:00-24:00', 7),
                                                               (3, '07:00-14:00', 7),
                                                               (3, '17:00-23:00', 7),
                                                               (4, '06:00-15:00', 7),
                                                               (4, '16:00-23:00', 7),
                                                               (5, '07:00-12:00', 7),
                                                               (5, '16:00-24:00', 7),
                                                               (6, '07:00-12:00', 7),
                                                               (6, '18:00-24:00', 7),
                                                               (7, '09:00-14:00', 7),
                                                               (7, '16:00-24:00', 7),
                                                               (2, '09:00-13:00', 8),
                                                               (2, '17:00-24:00', 8),
                                                               (3, '09:00-13:00', 8),
                                                               (3, '18:00-24:00', 8),
                                                               (4, '06:00-12:00', 8),
                                                               (4, '16:00-24:00', 8),
                                                               (5, '07:00-13:00', 8),
                                                               (5, '18:00-23:00', 8),
                                                               (6, '07:00-13:00', 8),
                                                               (6, '18:00-23:00', 8),
                                                               (7, '08:00-13:00', 8),
                                                               (7, '16:00-24:00', 8),
                                                               (1, '07:00-13:00', 9),
                                                               (1, '18:00-24:00', 9),
                                                               (2, '07:00-12:00', 9),
                                                               (2, '17:00-23:00', 9),
                                                               (3, '08:00-12:00', 9),
                                                               (3, '18:00-23:00', 9),
                                                               (4, '07:00-12:00', 9),
                                                               (4, '16:00-24:00', 9),
                                                               (5, '07:00-12:00', 9),
                                                               (5, '17:00-23:00', 9),
                                                               (6, '06:00-14:00', 9),
                                                               (6, '16:00-23:00', 9),
                                                               (7, '08:00-13:00', 9),
                                                               (7, '17:00-23:00', 9),
                                                               (2, '08:00-15:00', 10),
                                                               (2, '16:00-24:00', 10),
                                                               (3, '06:00-13:00', 10),
                                                               (3, '18:00-24:00', 10),
                                                               (4, '06:00-14:00', 10),
                                                               (4, '16:00-24:00', 10),
                                                               (5, '09:00-14:00', 10),
                                                               (5, '18:00-23:00', 10),
                                                               (6, '07:00-13:00', 10),
                                                               (6, '18:00-24:00', 10),
                                                               (7, '07:00-12:00', 10),
                                                               (7, '16:00-24:00', 10);

INSERT INTO deliveries (codice, ristorante_id, tipologia, descrizione, data_inizio, cadenza) VALUES (1, 1, 'Interno', 'Consegna', '2013-02-01', 'Weekend'),
                                                                                                    (2, 2, 'Interno', 'Braceria', '2007-02-28', 'Weekend'),
                                                                                                    (3, 2, 'Interno', 'Pizzeria', '1970-11-28', 'Settimanale'),
                                                                                                    (4, 2, 'Interno', 'Drive', '1993-01-06', 'Weekend'),
                                                                                                    (5, 3, 'Interno', 'Braceria', '1986-08-20', 'Weekend'),
                                                                                                    (6, 3, 'Esterno', 'Pizzeria', '1984-12-20', 'Settimanale'),
                                                                                                    (7, 3, 'Esterno', 'Drive', '1977-08-13', 'Settimanale'),
                                                                                                    (8, 4, 'Interno', 'Pizzeria', '1997-10-01', 'Sabato'),
                                                                                                    (9, 5, 'Esterno', 'Glovoo', '1990-04-15', 'Sabato'),
                                                                                                    (10, 5, 'Esterno', 'Consact', '1993-08-27', 'Settimanale'),
                                                                                                    (11, 6, 'Esterno', 'JustEat', '2005-10-15', 'Sabato'),
                                                                                                    (12, 7, 'Esterno', 'JustEat', '1973-09-12', 'Settimanale'),
                                                                                                    (13, 7, 'Interno', 'Glovoo', '1977-02-16', 'Settimanale'),
                                                                                                    (14, 7, 'Interno', 'Consact', '1981-09-11', 'Settimanale'),
                                                                                                    (15, 8, 'Esterno', 'Glovoo', '1989-04-02', 'Settimanale'),
                                                                                                    (16, 8, 'Esterno', 'JustEat', '1973-09-01', 'Settimanale'),
                                                                                                    (17, 9, 'Esterno', 'Glovoo', '1978-02-09', 'Settimanale'),
                                                                                                    (18, 9, 'Interno', 'Pizzeria', '1980-03-23', 'Settimanale'),
                                                                                                    (19, 9, 'Interno', 'Drive', '1983-05-27', 'Weekend'),
                                                                                                    (20, 10, 'Esterno', 'Glovoo', '2006-07-30', 'Sabato');

INSERT INTO societa (piva, cf, email, denominazione, amministratore, via, civico, cap, citta, provincia) VALUES ('IT00396280273', 'IT00396280273', 'monia.grasso@caruso.it', 'Caruso e figli', 'Bernardo Ferraro', 'Contrada Alighiero', '0', '30073', 'San Ninfa', 'SR'),
                                                                                                               ('IT03880590793', 'IT03880590793', 'fdonati@derosa.it', 'Cattaneo-Gentile SPA', 'Silverio Martini', 'Strada Gavino', '3', '53705', 'Settimo Zelida', 'MO'),
                                                                                                               ('IT12349060884', 'BKUDRC48H20S924O', 'silvano85@rossetti.net', 'Monti e figli', 'Gilda Rizzi', 'Rotonda Longo', '33', '42601', 'San Alessio', 'NU'),
                                                                                                               ('IT21044220099', 'IT21044220099', 'zaccaria98@grasso.com', 'Sala-Riva s.r.l.', 'Sig. Gerlando Cattaneo', 'Incrocio Marini', '60', '03355', 'Pagano ligure', 'AL'),
                                                                                                               ('IT26874660546', 'IT26874660546', 'shaira28@donati.it', 'Montanari Group', 'Ettore Russo', 'Via Mirko', '21', '31283', 'Gastone laziale', 'VE'),
                                                                                                               ('IT31749340787', 'IT31749340787', 'gregorio92@bruno.com', 'Milani-Rizzi SPA', 'Fulvio Riva', 'Via Ursula', '669', '83067', 'Liborio salentino', 'BO'),
                                                                                                               ('IT42733130605', 'IT42733130605', 'marini.damiano@coppola.com', 'Rizzi, Santoro e Gentile SPA', 'Pietro Mariani', 'Strada Cristyn', '4', '68300', 'San Danny lido', 'SS'),
                                                                                                               ('IT51465991043', 'VEGVUG12A40M385S', 'osvaldo.messina@farina.net', 'Costa e figli', 'Dott. Donatella D''angelo', 'Piazza Gallo', '161', '41053', 'Luce sardo', 'CZ'),
                                                                                                               ('IT78310040221', 'NNDRDV66B56J996L', 'giancarlo06@monti.com', 'Parisi Group', 'Ing. Soriana Guerra', 'Borgo Farina', '14', '97170', 'Settimo Tazio nell''emilia', 'LC'),
                                                                                                               ('IT80222641161', 'EAJSQG30X35S987U', 'nrossetti@caruso.org', 'Santoro s.r.l.', 'Ettore Barbieri', 'Strada Dindo', '102', '04619', 'Grassi del friuli', 'TE'),
                                                                                                               ('IT81966930059', 'TOIRGA98D08F149B', 'giuliano.bianco@parisi.org', 'Marchetti-Rossetti Group', 'Dott. Miriana Palmieri', 'Rotonda Secondo', '2', '27674', 'Sesto Helga', 'FG'),
                                                                                                               ('IT85461230014', 'MYMFXG11U26O666R', 'eferretti@ferretti.it', 'Rizzo-Marchetti Group', 'Nayade Romano', 'Contrada Felicia', '4', '91828', 'Samira lido', 'OT'),
                                                                                                               ('IT88191440945', 'KXJBFW13Y65P369T', 'silvestri.cristyn@martino.org', 'Rizzo, Romano e Orlando e figli', 'Ing. Flaviana Marini', 'Contrada Coppola', '40', '68418', 'Barbieri a mare', 'RN'),
                                                                                                               ('IT99460720164', 'IT99460720164', 'enrica.rizzi@mancini.com', 'Fabbri-Conte SPA', 'Sig. Raniero Ferrara', 'Via Grassi', '090', '83073', 'Borgo Ivonne del friuli', 'SI');

INSERT INTO affidi (delivery_codice, societa_piva) VALUES (11, 'IT00396280273'),
                                                          (7, 'IT03880590793'),
                                                          (9, 'IT12349060884'),
                                                          (20, 'IT21044220099'),
                                                          (16, 'IT26874660546'),
                                                          (15, 'IT31749340787'),
                                                          (10, 'IT42733130605'),
                                                          (17, 'IT51465991043'),
                                                          (12, 'IT78310040221'),
                                                          (20, 'IT80222641161'),
                                                          (9, 'IT81966930059'),
                                                          (12, 'IT85461230014'),
                                                          (6, 'IT88191440945'),
                                                          (16, 'IT99460720164');

INSERT INTO persone (cf, nome, cognome, telefono, email) VALUES ('ADQDTB64P52N246Q', 'Rosalba', 'Farina', '369 360 334', 'silvestri.karim@libero.it');
INSERT INTO dipendenti (persona_cf, stato, anni_esperienza, curriculum, delivery_codice) VALUES ('ADQDTB64P52N246Q', 'In Consegna', 1, 'Pariatur perferendis qui et cupiditate.', 4);

INSERT INTO persone (cf, nome, cognome, telefono, email) VALUES ('DVIWSG96O40P140D', 'Enrica', 'Basile', '+18 3734 3590067', 'qcaruso@hotmail.com');
INSERT INTO riders (persona_cf, disponibilita, score_medio, num_valutazioni, num_impiego, data_primo_impiego, automunito, targa, tipo_veicolo) VALUES ('DVIWSG96O40P140D', 1, 0.00, 0, 0, '1983-05-21', 1, 'XU183BU', 'AUTO');

INSERT INTO persone (cf, nome, cognome, telefono, email) VALUES ('EEVIXE10O88L666J', 'Ilario', 'Montanari', '+00 48 1492937', 'rudy32@yahoo.com');
INSERT INTO riders (persona_cf, disponibilita, score_medio, num_valutazioni, num_impiego, data_primo_impiego, automunito, targa, tipo_veicolo) VALUES ('EEVIXE10O88L666J', 0, 0.00, 0, 0, '2011-11-27', 0, null, null);

INSERT INTO persone (cf, nome, cognome, telefono, email) VALUES ('FHPXRP41O50X327J', 'Radames', 'Russo', '+39 381 227 862', 'battista19@email.it');
INSERT INTO riders (persona_cf, disponibilita, score_medio, num_valutazioni, num_impiego, data_primo_impiego, automunito, targa, tipo_veicolo) VALUES ('FHPXRP41O50X327J', 1, 0.00, 0, 0, '1975-05-09', 0, null, null);

INSERT INTO persone (cf, nome, cognome, telefono, email) VALUES ('FOBIQX84M51C807Q', 'Emilia', 'Piras', '+10 449 90092302', 'gerlando53@hotmail.com');
INSERT INTO riders (persona_cf, disponibilita, score_medio, num_valutazioni, num_impiego, data_primo_impiego, automunito, targa, tipo_veicolo) VALUES ('FOBIQX84M51C807Q', 1, 0.00, 0, 0, '1972-04-04', 1, 'XE620AQ', 'VAN');

INSERT INTO persone (cf, nome, cognome, telefono, email) VALUES ('FTADXN00B96M454K', 'Benedetta', 'Gallo', '+32 8721 57944414', 'leone24@yahoo.it');
INSERT INTO riders (persona_cf, disponibilita, score_medio, num_valutazioni, num_impiego, data_primo_impiego, automunito, targa, tipo_veicolo) VALUES ('FTADXN00B96M454K', 0, 0.00, 0, 0, '1983-01-24', 1, 'PP116YP', 'SCOOTER');

INSERT INTO persone (cf, nome, cognome, telefono, email) VALUES ('GDXHZY02H09Y481O', 'Monia', 'Fontana', '+39 320 793 180', 'elda.mariani@hotmail.com');
INSERT INTO dipendenti (persona_cf, stato, anni_esperienza, curriculum, delivery_codice) VALUES ('GDXHZY02H09Y481O', 'In Consegna', 5, 'Et aut earum molestias fuga.', 13);

INSERT INTO persone (cf, nome, cognome, telefono, email) VALUES ('GZVBBV21Q31R008U', 'Orfeo', 'Guerra', '+40 8988 49620860', 'imancini@email.it');
INSERT INTO dipendenti (persona_cf, stato, anni_esperienza, curriculum, delivery_codice) VALUES ('GZVBBV21Q31R008U', 'Disponibile', 10, 'Et repudiandae atque placeat est repudiandae.', 3);

INSERT INTO persone (cf, nome, cognome, telefono, email) VALUES ('IHRHHY63C60N459U', 'Lino', 'Longo', '+75 02 9025724', 'sanna.jole@hotmail.com');
INSERT INTO dipendenti (persona_cf, stato, anni_esperienza, curriculum, delivery_codice) VALUES ('IHRHHY63C60N459U', 'Disponibile', 2, 'Aliquid odit praesentium nisi consequuntur similique.', 2);

INSERT INTO persone (cf, nome, cognome, telefono, email) VALUES ('JARPTG59E08U306B', 'Giovanna', 'Palmieri', '305 034 876', 'flaviana.lombardo@yahoo.it');
INSERT INTO riders (persona_cf, disponibilita, score_medio, num_valutazioni, num_impiego, data_primo_impiego, automunito, targa, tipo_veicolo) VALUES ('JARPTG59E08U306B', 1, 0.00, 0, 0, '2020-12-03', 1, 'CW045SJ', 'VAN');

INSERT INTO persone (cf, nome, cognome, telefono, email) VALUES ('JFPJUW91W45U329Z', 'Damiana', 'Gatti', '+39 366 010 820', 'valentini.kai@yahoo.com');
INSERT INTO dipendenti (persona_cf, stato, anni_esperienza, curriculum, delivery_codice) VALUES ('JFPJUW91W45U329Z', 'Malattia', 0, 'Illo quam sapiente est mollitia rerum.', 2);

INSERT INTO persone (cf, nome, cognome, telefono, email) VALUES ('JNOCGK52H86F215N', 'Moreno', 'Sartori', '+39 347 056 050', 'benedetta.costa@libero.it');
INSERT INTO dipendenti (persona_cf, stato, anni_esperienza, curriculum, delivery_codice) VALUES ('JNOCGK52H86F215N', 'Disponibile', 9, 'Hic qui eos veniam labore mollitia perspiciatis est quam.', 19);

INSERT INTO persone (cf, nome, cognome, telefono, email) VALUES ('LWVMIQ54V21I295A', 'Vania', 'Orlando', '381 451 411', 'egidio20@yahoo.com');
INSERT INTO riders (persona_cf, disponibilita, score_medio, num_valutazioni, num_impiego, data_primo_impiego, automunito, targa, tipo_veicolo) VALUES ('LWVMIQ54V21I295A', 1, 0.00, 0, 0, '1974-08-20', 1, 'YU160DO', 'SCOOTER');

INSERT INTO persone (cf, nome, cognome, telefono, email) VALUES ('MDIOQA51Z12X535S', 'Giovanna', 'Ferrari', '+39 390 507 605', 'noemi50@gmail.com');
INSERT INTO dipendenti (persona_cf, stato, anni_esperienza, curriculum, delivery_codice) VALUES ('MDIOQA51Z12X535S', 'Malattia', 9, 'Consectetur eos doloribus et quo.', 18);

INSERT INTO persone (cf, nome, cognome, telefono, email) VALUES ('MJQDAG91X55H332N', 'Penelope', 'De Angelis', '034 128 2742', 'trevis.basile@email.it');
INSERT INTO dipendenti (persona_cf, stato, anni_esperienza, curriculum, delivery_codice) VALUES ('MJQDAG91X55H332N', 'Disponibile', 6, 'Quia ab inventore ipsam.', 5);

INSERT INTO persone (cf, nome, cognome, telefono, email) VALUES ('MPAOAE57I25W326T', 'Yago', 'Ferraro', '019 515 4817', 'maristella42@email.it');
INSERT INTO dipendenti (persona_cf, stato, anni_esperienza, curriculum, delivery_codice) VALUES ('MPAOAE57I25W326T', 'In Consegna', 8, 'Aut esse omnis nam ipsum ut qui vitae.', 3);

INSERT INTO persone (cf, nome, cognome, telefono, email) VALUES ('MUIQLK55D24P331I', 'Pablo', 'Ferraro', '330 407 015', 'marina72@libero.it');
INSERT INTO riders (persona_cf, disponibilita, score_medio, num_valutazioni, num_impiego, data_primo_impiego, automunito, targa, tipo_veicolo) VALUES ('MUIQLK55D24P331I', 1, 0.00, 0, 0, '1981-01-24', 1, 'NS873UR', 'AUTO');

INSERT INTO persone (cf, nome, cognome, telefono, email) VALUES ('MYGGSP03O99L778X', 'Gianantonio', 'Santoro', '+39 386 189 632', 'derosa.felicia@email.it');
INSERT INTO riders (persona_cf, disponibilita, score_medio, num_valutazioni, num_impiego, data_primo_impiego, automunito, targa, tipo_veicolo) VALUES ('MYGGSP03O99L778X', 0, 0.00, 0, 0, '1973-09-10', 1, 'LJ211WT', 'SCOOTER');

INSERT INTO persone (cf, nome, cognome, telefono, email) VALUES ('NJPTEN99N76U921W', 'Maruska', 'Morelli', '+01 77 90012461', 'dylan.barone@gmail.com');
INSERT INTO dipendenti (persona_cf, stato, anni_esperienza, curriculum, delivery_codice) VALUES ('NJPTEN99N76U921W', 'Disponibile', 0, 'At repudiandae ut voluptatem quod qui et rerum nulla.', 2);

INSERT INTO persone (cf, nome, cognome, telefono, email) VALUES ('OLLEJB37T09T638C', 'Jacopo', 'De Angelis', '+01 672 42 09 8529', 'vienna.costa@libero.it');
INSERT INTO riders (persona_cf, disponibilita, score_medio, num_valutazioni, num_impiego, data_primo_impiego, automunito, targa, tipo_veicolo) VALUES ('OLLEJB37T09T638C', 0, 0.00, 0, 0, '2003-03-13', 0, null, null);

INSERT INTO persone (cf, nome, cognome, telefono, email) VALUES ('OTMYEJ65E95E338F', 'Nick', 'Negri', '+90 152 8488211', 'flavio.valentini@email.it');
INSERT INTO dipendenti (persona_cf, stato, anni_esperienza, curriculum, delivery_codice) VALUES ('OTMYEJ65E95E338F', 'Malattia', 4, 'Et repudiandae similique quis rerum consequatur alias.', 14);

INSERT INTO persone (cf, nome, cognome, telefono, email) VALUES ('OYMLSF76B96G133A', 'Helga', 'Martino', '+39 313 413 156', 'marina35@yahoo.it');
INSERT INTO riders (persona_cf, disponibilita, score_medio, num_valutazioni, num_impiego, data_primo_impiego, automunito, targa, tipo_veicolo) VALUES ('OYMLSF76B96G133A', 0, 0.00, 0, 0, '2004-02-04', 0, null, null);

INSERT INTO persone (cf, nome, cognome, telefono, email) VALUES ('QEUQMH38R89A950B', 'Fabiano', 'Santoro', '+62 462 08575899', 'ermes.monti@yahoo.it');
INSERT INTO riders (persona_cf, disponibilita, score_medio, num_valutazioni, num_impiego, data_primo_impiego, automunito, targa, tipo_veicolo) VALUES ('QEUQMH38R89A950B', 0, 0.00, 0, 0, '2018-05-25', 1, 'MQ962LF', 'VAN');

INSERT INTO persone (cf, nome, cognome, telefono, email) VALUES ('QOHDMY68N62A058A', 'Osvaldo', 'Testa', '+44 10 35425640', 'bleone@libero.it');
INSERT INTO riders (persona_cf, disponibilita, score_medio, num_valutazioni, num_impiego, data_primo_impiego, automunito, targa, tipo_veicolo) VALUES ('QOHDMY68N62A058A', 0, 0.00, 0, 0, '2016-03-04', 0, null, null);

INSERT INTO persone (cf, nome, cognome, telefono, email) VALUES ('QRSDII38N64E263C', 'Pericle', 'Marino', '+94 254 5446303', 'shaira34@yahoo.com');
INSERT INTO dipendenti (persona_cf, stato, anni_esperienza, curriculum, delivery_codice) VALUES ('QRSDII38N64E263C', 'In Consegna', 8, 'Reprehenderit quia iste minus adipisci culpa iusto.', 14);

INSERT INTO persone (cf, nome, cognome, telefono, email) VALUES ('QXPZKY35F87P261Y', 'Sibilla', 'Riva', '+59 284 99544666', 'mietta74@gmail.com');
INSERT INTO dipendenti (persona_cf, stato, anni_esperienza, curriculum, delivery_codice) VALUES ('QXPZKY35F87P261Y', 'In Consegna', 10, 'Facere facilis optio consequatur ex sit veritatis quam.', 8);

INSERT INTO persone (cf, nome, cognome, telefono, email) VALUES ('RAXCWW43H80B308Q', 'Deborah', 'Coppola', '+39 362 099 153', 'bsanna@hotmail.com');
INSERT INTO riders (persona_cf, disponibilita, score_medio, num_valutazioni, num_impiego, data_primo_impiego, automunito, targa, tipo_veicolo) VALUES ('RAXCWW43H80B308Q', 0, 0.00, 0, 0, '2008-10-08', 1, 'RM385UY', 'VAN');

INSERT INTO persone (cf, nome, cognome, telefono, email) VALUES ('RCMAVX64K27V467S', 'Giordano', 'Moretti', '+39 012 424 428', 'mfabbri@hotmail.com');
INSERT INTO riders (persona_cf, disponibilita, score_medio, num_valutazioni, num_impiego, data_primo_impiego, automunito, targa, tipo_veicolo) VALUES ('RCMAVX64K27V467S', 0, 0.00, 0, 0, '2007-08-23', 1, 'YZ386TB', 'SCOOTER');

INSERT INTO persone (cf, nome, cognome, telefono, email) VALUES ('ROWTZA06B89V097W', 'Nazzareno', 'Pagano', '+46 913 60089096', 'rossi.amos@yahoo.com');
INSERT INTO dipendenti (persona_cf, stato, anni_esperienza, curriculum, delivery_codice) VALUES ('ROWTZA06B89V097W', 'Malattia', 2, 'Laboriosam aspernatur ipsum ut repellendus.', 13);

INSERT INTO persone (cf, nome, cognome, telefono, email) VALUES ('SFZVFC28K26Q627N', 'Damiana', 'Orlando', '+42 776 1894474', 'testa.jole@yahoo.it');
INSERT INTO dipendenti (persona_cf, stato, anni_esperienza, curriculum, delivery_codice) VALUES ('SFZVFC28K26Q627N', 'Disponibile', 5, 'Pariatur eum nemo enim esse occaecati voluptas.', 19);

INSERT INTO persone (cf, nome, cognome, telefono, email) VALUES ('SXZWUV45V84R234O', 'Mattia', 'Vitale', '328 559 441', 'bianchi.cirino@gmail.com');
INSERT INTO riders (persona_cf, disponibilita, score_medio, num_valutazioni, num_impiego, data_primo_impiego, automunito, targa, tipo_veicolo) VALUES ('SXZWUV45V84R234O', 0, 0.00, 0, 0, '1979-03-03', 1, 'CE711QE', 'AUTO');

INSERT INTO persone (cf, nome, cognome, telefono, email) VALUES ('TFTHTA51Z15M298N', 'Raoul', 'Orlando', '330 466 941', 'testa.eriberto@yahoo.it');
INSERT INTO riders (persona_cf, disponibilita, score_medio, num_valutazioni, num_impiego, data_primo_impiego, automunito, targa, tipo_veicolo) VALUES ('TFTHTA51Z15M298N', 0, 0.00, 0, 0, '2004-12-27', 1, 'ET318TF', 'AUTO');

INSERT INTO persone (cf, nome, cognome, telefono, email) VALUES ('TMJHIN26C57V805V', 'Carlo', 'Conte', '017 459 8993', 'xserra@hotmail.com');
INSERT INTO dipendenti (persona_cf, stato, anni_esperienza, curriculum, delivery_codice) VALUES ('TMJHIN26C57V805V', 'Disponibile', 7, 'Magni et sapiente labore sed non molestiae similique.', 1);

INSERT INTO persone (cf, nome, cognome, telefono, email) VALUES ('UAOBXO54S76N900N', 'Ariel', 'Amato', '+61 669 65 25 9470', 'svitale@gmail.com');
INSERT INTO riders (persona_cf, disponibilita, score_medio, num_valutazioni, num_impiego, data_primo_impiego, automunito, targa, tipo_veicolo) VALUES ('UAOBXO54S76N900N', 0, 0.00, 0, 0, '2010-06-06', 1, 'BH214SE', 'AUTO');

INSERT INTO persone (cf, nome, cognome, telefono, email) VALUES ('UKAJGS99N12I721U', 'Bacchisio', 'Grasso', '+01 552 4852364', 'sibilla.vitali@hotmail.com');
INSERT INTO riders (persona_cf, disponibilita, score_medio, num_valutazioni, num_impiego, data_primo_impiego, automunito, targa, tipo_veicolo) VALUES ('UKAJGS99N12I721U', 1, 0.00, 0, 0, '1999-05-25', 1, 'VF432KC', 'SCOOTER');

INSERT INTO persone (cf, nome, cognome, telefono, email) VALUES ('UKITPQ81M11I841Y', 'Modesto', 'Palmieri', '+78 91 75174119', 'hamato@yahoo.com');
INSERT INTO dipendenti (persona_cf, stato, anni_esperienza, curriculum, delivery_codice) VALUES ('UKITPQ81M11I841Y', 'Malattia', 4, 'Aut maiores et repellat.', 1);

INSERT INTO persone (cf, nome, cognome, telefono, email) VALUES ('URCJYK51K71F213T', 'Antimo', 'Giordano', '+69 57 0252783', 'ulrico30@hotmail.com');
INSERT INTO riders (persona_cf, disponibilita, score_medio, num_valutazioni, num_impiego, data_primo_impiego, automunito, targa, tipo_veicolo) VALUES ('URCJYK51K71F213T', 0, 0.00, 0, 0, '1981-09-13', 0, null, null);

INSERT INTO persone (cf, nome, cognome, telefono, email) VALUES ('UVALXQ76R02F528Q', 'Renato', 'Sala', '+57 628 38062087', 'morgana.marchetti@hotmail.com');
INSERT INTO riders (persona_cf, disponibilita, score_medio, num_valutazioni, num_impiego, data_primo_impiego, automunito, targa, tipo_veicolo) VALUES ('UVALXQ76R02F528Q', 1, 0.00, 0, 0, '2012-07-16', 0, null, null);

INSERT INTO persone (cf, nome, cognome, telefono, email) VALUES ('VHFRVR64W35A611V', 'Grazia', 'Vitali', '025 643 1654', 'deborah76@libero.it');
INSERT INTO dipendenti (persona_cf, stato, anni_esperienza, curriculum, delivery_codice) VALUES ('VHFRVR64W35A611V', 'Disponibile', 6, 'Quis incidunt placeat distinctio nobis.', 8);

INSERT INTO persone (cf, nome, cognome, telefono, email) VALUES ('WGUVDU71A82C788P', 'Gabriele', 'Bianchi', '+10 70 36291729', 'ydeluca@email.it');
INSERT INTO dipendenti (persona_cf, stato, anni_esperienza, curriculum, delivery_codice) VALUES ('WGUVDU71A82C788P', 'Disponibile', 0, 'Quis incidunt placeat distinctio nobis.', 4);

INSERT INTO persone (cf, nome, cognome, telefono, email) VALUES ('WSMWTE48Z83N954W', 'Ortensia', 'Bianco', '346 540 024', 'rosaria24@email.it');
INSERT INTO dipendenti (persona_cf, stato, anni_esperienza, curriculum, delivery_codice) VALUES ('WSMWTE48Z83N954W', 'Disponibile', 0, 'Eos dolores voluptatum est nihil illo adipisci occaecati.', 4);

INSERT INTO persone (cf, nome, cognome, telefono, email) VALUES ('XOIFXR33S28Z388L', 'Matilde', 'Negri', '+30 784 99343560', 'rmoretti@yahoo.it');
INSERT INTO riders (persona_cf, disponibilita, score_medio, num_valutazioni, num_impiego, data_primo_impiego, automunito, targa, tipo_veicolo) VALUES ('XOIFXR33S28Z388L', 1, 0.00, 0, 0, '1990-06-17', 1, 'QZ396GV', 'AUTO');

INSERT INTO persone (cf, nome, cognome, telefono, email) VALUES ('XQLPDX18Q33I223B', 'Tristano', 'Bruno', '+52 470 15798404', 'amonti@yahoo.com');
INSERT INTO riders (persona_cf, disponibilita, score_medio, num_valutazioni, num_impiego, data_primo_impiego, automunito, targa, tipo_veicolo) VALUES ('XQLPDX18Q33I223B', 1, 0.00, 0, 0, '1998-07-11', 0, null, null);

INSERT INTO persone (cf, nome, cognome, telefono, email) VALUES ('ZAGIMZ79R52B687V', 'Jarno', 'Grassi', '+39 007 287 892', 'pablo.damico@email.it');
INSERT INTO riders (persona_cf, disponibilita, score_medio, num_valutazioni, num_impiego, data_primo_impiego, automunito, targa, tipo_veicolo) VALUES ('ZAGIMZ79R52B687V', 0, 0.00, 0, 0, '2009-10-14', 0, null, null);

INSERT INTO persone (cf, nome, cognome, telefono, email) VALUES ('ZIHQRZ78M57F629O', 'Erminia', 'Marini', '+39 005 241 407', 'vgrassi@yahoo.it');
INSERT INTO dipendenti (persona_cf, stato, anni_esperienza, curriculum, delivery_codice) VALUES ('ZIHQRZ78M57F629O', 'In Consegna', 10, 'Voluptatem et necessitatibus repellendus asperiores est ducimus inventore voluptatem.', 13);

INSERT INTO persone (cf, nome, cognome, telefono, email) VALUES ('ZKHTXE89W93V256P', 'Bortolo', 'Rinaldi', '059 554 3429', 'obarbieri@email.it');
INSERT INTO dipendenti (persona_cf, stato, anni_esperienza, curriculum, delivery_codice) VALUES ('ZKHTXE89W93V256P', 'In Consegna', 8, 'Reiciendis aut pariatur perferendis similique voluptatibus distinctio eum.', 5);

INSERT INTO persone (cf, nome, cognome, telefono, email) VALUES ('ZPJDKW52O66R156H', 'Audenico', 'Lombardi', '+02 170 3077789', 'basile.cosetta@hotmail.com');
INSERT INTO riders (persona_cf, disponibilita, score_medio, num_valutazioni, num_impiego, data_primo_impiego, automunito, targa, tipo_veicolo) VALUES ('ZPJDKW52O66R156H', 1, 0.00, 0, 0, '1988-04-30', 1, 'PG422TC', 'SCOOTER');

INSERT INTO impieghi (societa_piva, rider_persona_cf, quota_oraria, data_impiego) VALUES ('IT00396280273', 'RAXCWW43H80B308Q', 11.58, '2020-02-13'),
                                                                                         ('IT00396280273', 'SXZWUV45V84R234O', 15.83, '2019-03-25'),
                                                                                         ('IT03880590793', 'UVALXQ76R02F528Q', 12.72, '2020-01-08'),
                                                                                         ('IT12349060884', 'FHPXRP41O50X327J', 15.51, '2019-03-19'),
                                                                                         ('IT12349060884', 'JARPTG59E08U306B', 12.83, '2018-11-17'),
                                                                                         ('IT12349060884', 'OYMLSF76B96G133A', 17.42, '2020-09-03'),
                                                                                         ('IT21044220099', 'UAOBXO54S76N900N', 4.04, '2019-08-08'),
                                                                                         ('IT26874660546', 'MUIQLK55D24P331I', 7.51, '2019-09-10'),
                                                                                         ('IT26874660546', 'QOHDMY68N62A058A', 5.51, '2020-04-06'),
                                                                                         ('IT26874660546', 'XOIFXR33S28Z388L', 6.25, '2020-02-09'),
                                                                                         ('IT31749340787', 'ZAGIMZ79R52B687V', 15.60, '2019-05-25'),
                                                                                         ('IT42733130605', 'FTADXN00B96M454K', 10.27, '2020-02-14'),
                                                                                         ('IT42733130605', 'LWVMIQ54V21I295A', 17.20, '2019-01-06'),
                                                                                         ('IT42733130605', 'UKAJGS99N12I721U', 11.92, '2019-04-10'),
                                                                                         ('IT51465991043', 'EEVIXE10O88L666J', 7.62, '2020-03-28'),
                                                                                         ('IT78310040221', 'MYGGSP03O99L778X', 4.73, '2019-01-20'),
                                                                                         ('IT78310040221', 'XQLPDX18Q33I223B', 17.84, '2019-09-15'),
                                                                                         ('IT80222641161', 'QEUQMH38R89A950B', 2.73, '2020-09-17'),
                                                                                         ('IT81966930059', 'DVIWSG96O40P140D', 5.66, '2018-11-12'),
                                                                                         ('IT85461230014', 'URCJYK51K71F213T', 17.34, '2020-08-04'),
                                                                                         ('IT85461230014', 'ZPJDKW52O66R156H', 17.09, '2020-08-23'),
                                                                                         ('IT88191440945', 'OLLEJB37T09T638C', 18.51, '2019-02-15'),
                                                                                         ('IT99460720164', 'FOBIQX84M51C807Q', 11.88, '2020-08-10'),
                                                                                         ('IT99460720164', 'RCMAVX64K27V467S', 15.29, '2020-02-25'),
                                                                                         ('IT99460720164', 'TFTHTA51Z15M298N', 5.48, '2020-02-26');

#Stato di vita di un ordine consegnato:
    INSERT INTO ordini (num_ordine, data_ordine, ristorante_id, cliente_email, destinazione, tipo, descrizione, stato, stima_orario, persona_cf, orario_consegna, nominativo_consegna)
            VALUES (1,'2020-03-12 11:41:10', 4, 'ferrara.armando@yahoo.com', 'Borgo Battaglia 1 Irene a mare, 99638 L''Aquila (RI)', 'PRIMO', 'Funghi con carote e pasta.', 'IN ATTESA', NULL,NULL,NULL,NULL);
#Viene aggiornato l attributo ridondante n.ordini in coda e l ordine viene preso in carico dal ristorante e viene data una stima di consegna.
    UPDATE ristoranti SET ordini_coda=ordini_coda + 1 WHERE ristoranti.id = 4;
    UPDATE ordini SET stima_orario = '2020-03-12 11:51:25', stato = 'ORDINATO' WHERE num_ordine = 1 AND data_ordine = '2020-03-12 11:41:10' AND ristorante_id = 4;
#successivamente l ordine puo entrare in stato espletato e viene messo in consegna
    UPDATE ordini SET stato = 'ESPLETATO', persona_cf = 'MUIQLK55D24P331I' WHERE num_ordine = 1 AND data_ordine = '2020-03-12 11:41:10' AND ristorante_id = 4;
#l ordine verra poi consegnato e viene diminuito il numero di ordini in coda
    UPDATE ordini SET stato = 'CONSEGNATO', nominativo_consegna = 'Eustachio Benedetti', orario_consegna = '2020-03-12 11:52:20' WHERE num_ordine = 1 AND data_ordine = '2020-03-12 11:41:10' AND ristorante_id = 4;
    UPDATE ristoranti SET ordini_coda=ordini_coda - 1 WHERE ristoranti.id = 4;

#Un ordine ancora non consegnato:
    INSERT INTO ordini (num_ordine, data_ordine, ristorante_id, cliente_email, destinazione, tipo, descrizione, stato, stima_orario, persona_cf, orario_consegna, nominativo_consegna)
            VALUES (1, '2020-10-16 18:23:25', 10, 'ferrara.armando@yahoo.com', 'Strada Mazza 24 Borgo Rufo del friuli, 40540 Isernia (AN)', 'MENU COMPLETO', 'Suscipit voluptatem iure.', 'IN ATTESA', NULL,NULL,NULL,NULL);
#Viene aggiornato l attributo ridondante n.ordini in coda e l ordine viene preso in carico dal ristorante e viene data una stima di consegna.
    UPDATE ristoranti SET ordini_coda=ordini_coda + 1 WHERE ristoranti.id = 10;
    UPDATE ordini SET stima_orario = '2020-10-16 18:43:25', stato = 'ORDINATO' WHERE num_ordine = 1 AND data_ordine = '2020-10-16 18:23:25' AND ristorante_id = 10;
#successivamente l ordine puo entrare in stato espletato e viene messo in consegna
    UPDATE ordini SET stato = 'ESPLETATO', persona_cf = 'ROWTZA06B89V097W' WHERE num_ordine = 1 AND data_ordine = '2020-10-16 18:23:25' AND ristorante_id = 10;

#Un ordine in preparazione:
    INSERT INTO ordini (num_ordine, data_ordine, ristorante_id, cliente_email, destinazione, tipo, descrizione, stato, stima_orario, persona_cf, orario_consegna, nominativo_consegna)
            VALUES (2, '2020-10-16 18:33:20', 10, 'olimpia.caruso@libero.it', 'Strada Vitale 1 Sesto Gregorio, 52745 Ancona (PE)', 'PRIMO', 'Enim eos consequatur.', 'IN ATTESA', NULL,NULL,NULL,NULL);
#Viene aggiornato l attributo ridondante n.ordini in coda e l ordine viene preso in carico dal ristorante e viene data una stima di consegna.
    UPDATE ristoranti SET ordini_coda=ordini_coda + 1 WHERE ristoranti.id = 10;
    UPDATE ordini SET stima_orario = '2020-10-16 18:53:20', stato = 'ORDINATO' WHERE num_ordine = 2 AND data_ordine = '2020-10-16 18:33:20' AND ristorante_id = 10;

#Un ordine appena creato ma ancora non accettato dal ristorante:
INSERT INTO ordini (num_ordine, data_ordine, ristorante_id, cliente_email, destinazione, tipo, descrizione, stato, stima_orario, persona_cf, orario_consegna, nominativo_consegna)
    VALUES (1, '2020-10-16 15:20:20', 8, 'michele.ferrari@libero.it', 'Rotonda Luce 83 Caputo del friuli, 31169 Belluno (MT)', 'MENU COMPLETO', 'Voluptatem laborum.', 'IN ATTESA', NULL,NULL,NULL,NULL);



#inseriamo alcuni ordini consegnati per la consistenza delle valutazioni
INSERT INTO ordini (num_ordine, data_ordine, ristorante_id, cliente_email, destinazione, tipo, descrizione, stato, stima_orario, persona_cf, orario_consegna, nominativo_consegna)
            VALUES (2,'2020-03-12 11:41:10', 4, 'ferrara.armando@yahoo.com', 'Borgo Battaglia 1 Irene a mare, 99638 L''Aquila (RI)', 'PRIMO', 'Funghi con carote e pasta.', 'CONSEGNATO', '2020-03-12 12:42:10','MYGGSP03O99L778X','2020-03-12 12:42:10','armando ferrara');
INSERT INTO ordini (num_ordine, data_ordine, ristorante_id, cliente_email, destinazione, tipo, descrizione, stato, stima_orario, persona_cf, orario_consegna, nominativo_consegna)
            VALUES (1,'2020-04-12 11:41:10', 10, 'ferrara.armando@yahoo.com', 'Borgo Battaglia 1 Irene a mare, 99638 L''Aquila (RI)', 'PRIMO', 'Funghi con carote e pasta.', 'CONSEGNATO', '2020-04-12 12:42:10','UAOBXO54S76N900N','2020-04-12 12:42:10','armando ferrara');
INSERT INTO ordini (num_ordine, data_ordine, ristorante_id, cliente_email, destinazione, tipo, descrizione, stato, stima_orario, persona_cf, orario_consegna, nominativo_consegna)
            VALUES (1,'2020-05-12 11:41:10', 10, 'gallo.marina@yahoo.com', 'Borgo Battaglia 1 Irene a mare, 99638 L''Aquila (RI)', 'PRIMO', 'Funghi con carote e pasta.', 'CONSEGNATO', '2020-04-12 12:42:10','UAOBXO54S76N900N','2020-05-12 12:42:10','gallina franco');
INSERT INTO ordini (num_ordine, data_ordine, ristorante_id, cliente_email, destinazione, tipo, descrizione, stato, stima_orario, persona_cf, orario_consegna, nominativo_consegna)
            VALUES (1,'2020-05-12 11:41:10', 8, 'gioacchino73@yahoo.it', 'Borgo Battaglia 1 Irene a mare, 99638 L''Aquila (RI)', 'PRIMO', 'Funghi con carote e pasta.', 'CONSEGNATO', '2020-04-12 12:42:10','QOHDMY68N62A058A','2020-05-12 12:42:10','gallina franco');
INSERT INTO ordini (num_ordine, data_ordine, ristorante_id, cliente_email, destinazione, tipo, descrizione, stato, stima_orario, persona_cf, orario_consegna, nominativo_consegna)
            VALUES (1,'2020-05-12 11:41:10', 5, 'gioacchino73@yahoo.it', 'Borgo Battaglia 1 Irene a mare, 99638 L''Aquila (RI)', 'PRIMO', 'Funghi con carote e pasta.', 'CONSEGNATO', '2020-04-12 12:42:10','QOHDMY68N62A058A','2020-05-12 12:42:10','gioacchino');
INSERT INTO ordini (num_ordine, data_ordine, ristorante_id, cliente_email, destinazione, tipo, descrizione, stato, stima_orario, persona_cf, orario_consegna, nominativo_consegna)
            VALUES (2,'2020-05-12 18:41:10', 5, 'gioacchino73@yahoo.it', 'Borgo Battaglia 1 Irene a mare, 99638 L''Aquila (RI)', 'PRIMO', 'Funghi con carote e pasta.', 'CONSEGNATO', '2020-04-12 18:55:10','QOHDMY68N62A058A','2020-05-12 18:51:10','gioacchino');


INSERT INTO valutazioni (rider_cf, cliente_email, data_valutazione, valutazione) VALUES ('MUIQLK55D24P331I', 'ferrara.armando@yahoo.com', '2020-12-10', 2);
UPDATE riders SET score_medio=(score_medio * num_valutazioni + 2)/(num_valutazioni+1),
                    num_valutazioni=num_valutazioni+1 WHERE riders.persona_cf = 'MUIQLK55D24P331I';

INSERT INTO valutazioni (rider_cf, cliente_email, data_valutazione, valutazione) VALUES ('UAOBXO54S76N900N', 'ferrara.armando@yahoo.com', '2020-09-07', 5);
UPDATE riders SET score_medio=(score_medio * num_valutazioni + 5)/(num_valutazioni + 1),
                    num_valutazioni=num_valutazioni+1 WHERE riders.persona_cf = 'UAOBXO54S76N900N';

INSERT INTO valutazioni (rider_cf, cliente_email, data_valutazione, valutazione) VALUES ('UAOBXO54S76N900N', 'gallo.marina@yahoo.com', '2020-07-29', 3);
UPDATE riders SET score_medio=(score_medio * num_valutazioni + 3)/(num_valutazioni+1),
                    num_valutazioni=num_valutazioni+1 WHERE riders.persona_cf = 'UAOBXO54S76N900N';

INSERT INTO valutazioni (rider_cf, cliente_email, data_valutazione, valutazione) VALUES ('QOHDMY68N62A058A', 'gioacchino73@yahoo.it', '2020-06-19', 3);
UPDATE riders SET score_medio=(score_medio * num_valutazioni+3)/(num_valutazioni+1),
                    num_valutazioni=num_valutazioni+1 WHERE riders.persona_cf = 'QOHDMY68N62A058A';

INSERT INTO valutazioni (rider_cf, cliente_email, data_valutazione, valutazione) VALUES ('LWVMIQ54V21I295A', 'gioacchino73@yahoo.it', '2020-02-27', 2);
UPDATE riders SET score_medio=(score_medio * num_valutazioni+2)/(num_valutazioni+1),
                    num_valutazioni=num_valutazioni+1 WHERE riders.persona_cf = 'LWVMIQ54V21I295A';

INSERT INTO valutazioni (rider_cf, cliente_email, data_valutazione, valutazione) VALUES ('UKAJGS99N12I721U', 'gioacchino73@yahoo.it', '2020-06-19', 5);
UPDATE riders SET score_medio=(score_medio * num_valutazioni+5)/(num_valutazioni+1),
                    num_valutazioni=num_valutazioni+1 WHERE riders.persona_cf = 'UKAJGS99N12I721U';

UPDATE ristoranti SET ordini_coda = 0;
UPDATE ordini SET stato = 'ANNULLATO' WHERE stato <> 'CONSEGNATO' AND data_ordine < DATE_SUB(NOW(), INTERVAL 1 DAY);

